author,match_confidence,playbook_hint,price_str,reason,source,status,summary,tech_stack,title,total_score,url
exclusiveshiv,,,,intent_for_hire,reddit,trash,,,[For Hire] Full-Stack Developer: $3500 Idea to Production in Record Time,0,https://reddit.com/r/forhire/comments/1rag70i/for_hire_fullstack_developer_3500_idea_to/
Dazzling_Situation59,,,,intent_for_hire,reddit,trash,,,[FOR HIRE],0,https://reddit.com/r/forhire/comments/1rae22p/for_hire/
ladybora_deborah,,,,intent_for_hire,reddit,trash,,,[For Hire] - Data Curator | Virtual Assistant | SEO Content Writer (Remote),0,https://reddit.com/r/forhire/comments/1rad4qe/for_hire_data_curator_virtual_assistant_seo/
IllustratorNormal560,,,,intent_for_hire,reddit,trash,,,[For hire] I will build custom AI Workflows and Automations for you and transform your business with AI,0,https://reddit.com/r/forhire/comments/1rad2gj/for_hire_i_will_build_custom_ai_workflows_and/
Firm_Perception3378,,,,intent_for_hire,reddit,trash,,,"[For Hire] London UK, seeking an internship, hear me out, please. $0/hr",0,https://reddit.com/r/forhire/comments/1rabzza/for_hire_london_uk_seeking_an_internship_hear_me/
Icy-Extent5083,,,,intent_for_hire,reddit,trash,,,[For Hire] 🔧 E3D Piping Designer / E3D Admin &amp; Mechanical CAD Designer – Available for Remote Work (€20/hr),0,https://reddit.com/r/forhire/comments/1rabp77/for_hire_e3d_piping_designer_e3d_admin_mechanical/
ahmedguernine,,,,intent_for_hire,reddit,trash,,,[FOR HIRE] UI/UX Designer | Web &amp; Mobile Apps | Figma | User-Centered Design,0,https://reddit.com/r/forhire/comments/1raahca/for_hire_uiux_designer_web_mobile_apps_figma/
deadjobbyjabber,,,,intent_for_hire,reddit,trash,,,[For Hire] Proofreader,0,https://reddit.com/r/forhire/comments/1ra9pgm/for_hire_proofreader/
MoXeroX,,,,intent_for_hire,reddit,trash,,,"[For Hire] Agency specializing in custom SaaS platforms, internal tools &amp; business systems",0,https://reddit.com/r/forhire/comments/1ra9cz3/for_hire_agency_specializing_in_custom_saas/
lbrahim-khan,,,,intent_for_hire,reddit,trash,,,[For Hire] Ops Coordination and Community Management,0,https://reddit.com/r/forhire/comments/1ra8if3/for_hire_ops_coordination_and_community_management/
TheJSAer,,,,intent_for_hire,reddit,trash,,,[For Hire] Copywriter Who Helps You Turn Traffic Into Revenue,0,https://reddit.com/r/forhire/comments/1ra8ckx/for_hire_copywriter_who_helps_you_turn_traffic/
MainBank5,,,,intent_for_hire,reddit,trash,,,"[FOR HIRE] Fullstack developer - build mvps, debug and deploy scalable applications. $25/hr",0,https://reddit.com/r/forhire/comments/1ra841k/for_hire_fullstack_developer_build_mvps_debug_and/
One_Ranger_5979,,,,intent_for_hire,reddit,trash,,,"[For Hire] For those who are hiring or need help with there small yt channel, I offer Long video clipping",0,https://reddit.com/r/forhire/comments/1ra7xcy/for_hire_for_those_who_are_hiring_or_need_help/
_MarkyKary,,,,intent_for_hire,reddit,trash,,,[FOR HIRE]Experienced Virtual Assistant Ready to Streamline Your Business Operations,0,https://reddit.com/r/forhire/comments/1ra7m37/for_hireexperienced_virtual_assistant_ready_to/
JfreakingR,,,,intent_for_hire,reddit,trash,,,"[For Hire] Your US-Based Phone Wingman – Tough Calls, Breakups, Bad News, Vent Sessions, Motivation, Role-Play &amp; More",0,https://reddit.com/r/forhire/comments/1ra6t5p/for_hire_your_usbased_phone_wingman_tough_calls/
simon_DM,,,,intent_for_hire,reddit,trash,,,[For Hire] Senior Graphic Designer,0,https://reddit.com/r/forhire/comments/1ra6329/for_hire_senior_graphic_designer/
RepairAcademic3138,30,"Express interest, ask for details",$2mins work each,score_pass,reddit,alert,Easy freelance tasks for $2 per minute,[],Perk task,35,https://reddit.com/r/forhire/comments/1ra5nli/hiring_perk_task_easy_work_dm_for_more_information/
GANGSTA4CHRIST,,,,intent_for_hire,reddit,trash,,,[FOR HIRE] Same-Day Music Cover Art – $20 (20–40 Min Delivery),0,https://reddit.com/r/forhire/comments/1ra59vj/for_hire_sameday_music_cover_art_20_2040_min/
Cultural-Gas-3872,,,,intent_for_hire,reddit,trash,,,[For hire] marketer and VA looking for remote job opportunity!,0,https://reddit.com/r/forhire/comments/1ra53e1/for_hire_marketer_and_va_looking_for_remote_job/
HvBrands,,,,intent_for_hire,reddit,trash,,,[For Hire] Logo Designer | Branding Specialist - Your Brand's Design Partner,0,https://reddit.com/r/forhire/comments/1ra4dwt/for_hire_logo_designer_branding_specialist_your/
admiringlove_,,,,intent_for_hire,reddit,trash,,,"[For Hire] STEM student; looking for work. Will do any research papers/writing jobs/copywriting, etc. Minimum $15/hr.",0,https://reddit.com/r/forhire/comments/1ra3dhz/for_hire_stem_student_looking_for_work_will_do/
clakrox,,,,intent_for_hire,reddit,trash,,,[For Hire] Game UI/UX Designer looking for work,0,https://reddit.com/r/forhire/comments/1ra1d2j/for_hire_game_uiux_designer_looking_for_work/
Spare_Ratio_2894,,,,intent_for_hire,reddit,trash,,,"[For Hire] Professional Video Editor, long &amp; Short-Form Content | Boost Engagement &amp; Retention",0,https://reddit.com/r/forhire/comments/1ra0b6u/for_hire_professional_video_editor_long_shortform/
0x-Eleven,50,Express interest and share editing experience.,$1000,score_pass,reddit,alert,Opening for both long-term and short-term video editor roles with a budget of $1000.,[],Pro Video Editor Opportunity,70,https://reddit.com/r/forhire/comments/1ra0aev/hiring_provideo_editor_1000/
Moiz_khurram,100,"Provide details of similar pipelines built, design strategies for reliability at scale, approach to location splitting, infrastructure balance suggestions, and maintenance process with typical turnaround time.",$500-$650,score_pass,reddit,alert,"Build a production-ready pipeline for a B2B lead intelligence platform, turning niche and location into clean CSV and JSON outputs.","['Python', 'Playwright (preferred)', 'Botasaurus (preferred)', 'Queue-based architecture', 'Concurrent workers', 'Resumable jobs', 'Checkpointing', 'Google Cloud VM']",Senior Python Engineer for Business Intelligence Pipeline,148,https://reddit.com/r/forhire/comments/1r9zxod/hiring_senior_python_engineer_usscale_business/
Its__MasoodMohamed,,,,intent_for_hire,reddit,trash,,,[FOR HIRE] WordPress Custom Design &amp; Development - Starting at $15/hr,0,https://reddit.com/r/forhire/comments/1r9x98c/for_hire_wordpress_custom_design_development/
Great_Accident1356,,,,intent_for_hire,reddit,trash,,,[for hire] professional Graphic designer,0,https://reddit.com/r/forhire/comments/1r9whhe/for_hire_professional_graphic_designer/
Part-Disegnos,,,,intent_for_hire,reddit,trash,,,[For Hire] Offering graphic design services (vector work and editing),0,https://reddit.com/r/forhire/comments/1r9v7c0/for_hire_offering_graphic_design_services_vector/
olrosim,,,,intent_for_hire,reddit,trash,,,"[For hire] 3D generalist character artist, Full time, remote",0,https://reddit.com/r/forhire/comments/1r9ua93/for_hire_3d_generalist_character_artist_full_time/
Fickle_Window_414,,,,intent_for_hire,reddit,trash,,,"[For Hire] I’ll build a targeted list of 200 decision-makers in your niche within 24 hours (verified emails + LinkedIn). Ideal for agencies, SaaS, or local businesses. $30–$50 while I build case studies.",0,https://reddit.com/r/forhire/comments/1r9u8fp/for_hire_ill_build_a_targeted_list_of_200/
Worried_Counter_7924,75,Share details of your agency's consistent monthly projects.,$750,score_pass,reddit,alert,"Connect with web dev agencies for a hosting-related partnership, adding $500-$1k monthly revenue.",[],Web Dev Agencies for Hosting Partnership,80,https://reddit.com/r/forhire/comments/1r9taye/hiring_looking_to_connect_with_a_few_web_dev/
Zestyclose-Teach-867,80,"Highlight your experience in client outreach, sales funnels, or growth strategies. Mention your comfort working remotely and any CRM tools you're familiar with.",$20 per hour,score_pass,reddit,alert,Help growing digital ventures attract and retain customers,[],Client Acquisition & Retention Strategist,90,https://reddit.com/r/forhire/comments/1r9srqe/hiring_client_acquisition_retention_strategist/
Pure-Key-4649,,,,intent_for_hire,reddit,trash,,,"[FOR HIRE] A COPYWRITER, RESEARCHER, FITNESS TRAINER, ACCOUNTABILITY COACH, VR, GHOST WRITER AND TRUST PILOT REVIEWER ($15/hr)",0,https://reddit.com/r/forhire/comments/1r9rg5a/for_hire_a_copywriter_researcher_fitness_trainer/
moleesther,,,,intent_for_hire,reddit,trash,,,"[For Hire] Nairobi, Kenya-Based: Simple Online Tasks, Chat Moderation, Basic Automation &amp; Micro Gigs – $15 or Less (Remote/Flexible)",0,https://reddit.com/r/forhire/comments/1r9q7lw/for_hire_nairobi_kenyabased_simple_online_tasks/
Internal_Age_5,,,,intent_for_hire,reddit,trash,,,[For hire] I'll work on your project for a fixed price,0,https://reddit.com/r/forhire/comments/1r9nwcy/for_hire_ill_work_on_your_project_for_a_fixed/
NoBulletsLeft,,,,intent_for_hire,reddit,trash,,,[For Hire] I'll build your Arduino-based project for a fixed price!,0,https://reddit.com/r/forhire/comments/1r9kqpa/for_hire_ill_build_your_arduinobased_project_for/
InviteEcstatic4191,,,,low_relevance,reddit,trash,,,[Hiring] Operations Coordinator,0,https://reddit.com/r/forhire/comments/1r9klo1/hiring_operations_coordinator/
Disaster7363,,,,intent_for_hire,reddit,trash,,,[For Hire] Gaming Video Editor – Retention That Holds,0,https://reddit.com/r/forhire/comments/1r9jf26/for_hire_gaming_video_editor_retention_that_holds/
D675vroom,30,"Engage with potential clients, encourage inquiries",$100-200 USD/Closed Lead,score_pass,reddit,alert,Generate leads for a website service on Nextdoor,[],Local US Residents for Nextdoor Lead Gen,50,https://reddit.com/r/forhire/comments/1r9iwzm/hiring_local_us_residents_for_nextdoor_lead_gen/
Imaginary_Agency_176,,,,intent_for_hire,reddit,trash,,,[For Hire] AI Content + Video Editing + Lead Generation (Remote Work) 15$,0,https://reddit.com/r/forhire/comments/1r9iguy/for_hire_ai_content_video_editing_lead_generation/
MotorFew6387,70,"Highlight your background or experience in international relations, political science, economics, security studies, or journalism and share writing samples if available.",$100-$500 USD per article,score_pass,reddit,alert,"Job post for remote research writers and analysts specializing in Asia-Pacific geopolitics, offering a flexible work setup.",[],Remote Research Writers – Geopolitics / International Relations,80,https://reddit.com/r/forhire/comments/1r9i9hh/hiring_remote_research_writers_geopolitics/
Fragrant_Ad3054,,,,intent_for_hire,reddit,trash,,,[For hire] I'm looking for a person who could make a logo/drawing,0,https://reddit.com/r/forhire/comments/1r9esjs/for_hire_im_looking_for_a_person_who_could_make_a/
FromOopsToOps,,,,intent_for_hire,reddit,trash,,,[FOR HIRE] Senior SRE / DevOps Engineer – Terraform | AWS | EKS | CI/CD | $30/hr,0,https://reddit.com/r/forhire/comments/1r9cpwa/for_hire_senior_sre_devops_engineer_terraform_aws/
nyaborker,,,,intent_for_hire,reddit,trash,,,[FOR HIRE] The LAST Google Ads Guy You'll Ever Hire,0,https://reddit.com/r/forhire/comments/1r9cg2y/for_hire_the_last_google_ads_guy_youll_ever_hire/
heavyduty3000,,,,intent_for_hire,reddit,trash,,,[For Hire] I Can Help With Reddit Growth and Engagement,0,https://reddit.com/r/forhire/comments/1r9bhtk/for_hire_i_can_help_with_reddit_growth_and/
Bewsa3,70,"Submit your portfolio, current editing clients, location/time zone, rates, and proficiency in the required tools.",$15-$20 per hour or $3.75-$10 per video,score_pass,reddit,alert,A freelance job post for a fast and opinionated video editor to create high-engagement short-form content for an ultra-premium probiotic brand.,"['CapCut', 'Premiere Pro', 'Final Cut', 'After Effects']",Video Edit for Short-Form Content (TikTok/Reels/Shorts),75,https://reddit.com/r/forhire/comments/1r9bhit/hiring_video_edit_for_shortform_tiktokreelsshorts/
IamYeahBoi_,,,,intent_for_hire,reddit,trash,,,[For Hire] Mobile/Web/PC app developer,0,https://reddit.com/r/forhire/comments/1r9a92z/for_hire_mobilewebpc_app_developer/
TheDollarHacks,60,"Highlight testing experience, ownership of both Android and iOS devices, and availability to work remotely",$40-$100/cycle,score_pass,reddit,alert,Test payment methods on Uber beta builds for $40-$100 per cycle,"['Android', 'iOS']",Mobile App Payment Tester,85,https://reddit.com/r/forhire/comments/1r99e0h/hiring_mobile_app_payment_testers_40100cycle/
Extreme-Law6386,,,,intent_for_hire,reddit,trash,,,"[For Hire] Fixing the exact pains killing your almost-ready app: broken AI automations, leaky security, impossible edits, data that lies",0,https://reddit.com/r/forhire/comments/1r99316/for_hire_fixing_the_exact_pains_killing_your/
sahil_meena,,,,intent_for_hire,reddit,trash,,,[For Hire] Win 2026 professionally. NO to AI/marketing slop.,0,https://reddit.com/r/forhire/comments/1r98ijr/for_hire_win_2026_professionally_no_to/
Ari-Special825,,,,low_relevance,reddit,trash,,,[Hiring] Join Discord make money6️⃣,0,https://reddit.com/r/freelance_forhire/comments/1rahq3u/hiring_join_discord_make_money6/
Ari-Special825,,,,low_relevance,reddit,trash,,,[Hiring] Join Discord make money🍭,0,https://reddit.com/r/freelance_forhire/comments/1rahnkh/hiring_join_discord_make_money/
Ari-Special825,,,,low_relevance,reddit,trash,,,[Hiring] Join Discord make money🐞,0,https://reddit.com/r/freelance_forhire/comments/1rahkzy/hiring_join_discord_make_money/
Unusual-Berry9957,,,,spam_pattern,reddit,trash,,,[Hiring] Earn up to $500 /week by POSTING/EDITING on Social Media PART-TIME SOCIAL MEDIA GIG,0,https://reddit.com/r/freelance_forhire/comments/1rahikk/hiring_earn_up_to_500_week_by_postingediting_on/
Ari-Special825,,,,low_relevance,reddit,trash,,,[Hiring] Join Discord make money🚀,0,https://reddit.com/r/freelance_forhire/comments/1rahif5/hiring_join_discord_make_money/
Ari-Special825,,,,low_relevance,reddit,trash,,,[Hiring] Join Discord make money🎍,0,https://reddit.com/r/freelance_forhire/comments/1rahfw5/hiring_join_discord_make_money/
fidinn10,,,,bot_low_karma_47,reddit,trash,,,[Hiring] upto 10-20$/hr,0,https://reddit.com/r/freelance_forhire/comments/1rahdfo/hiring_upto_1020hr/
Ari-Special825,,,,low_relevance,reddit,trash,,,[Hiring] Join Discord make money🚝,0,https://reddit.com/r/freelance_forhire/comments/1rahdde/hiring_join_discord_make_money/
gatsbiee,,,,intent_for_hire,reddit,trash,,,[For Hire] I custom build automations that replaces redundant manual work,0,https://reddit.com/r/freelance_forhire/comments/1rahdb1/for_hire_i_custom_build_automations_that_replaces/
Ari-Special825,,,,low_relevance,reddit,trash,,,[Hiring] Join Discord make money💑,0,https://reddit.com/r/freelance_forhire/comments/1rahau5/hiring_join_discord_make_money/
LivingEchidna1143,,,,intent_for_hire,reddit,trash,,,[For Hire]  YouTube Content Researcher &amp; Strategist,0,https://reddit.com/r/freelance_forhire/comments/1rah9xh/for_hire_youtube_content_researcher_strategist/
Ari-Special825,,,,low_relevance,reddit,trash,,,[Hiring] Join Discord make money❔,0,https://reddit.com/r/freelance_forhire/comments/1rah88b/hiring_join_discord_make_money/
No_Message9811,,,,intent_for_hire,reddit,trash,,,Looking for works...[For hire],0,https://reddit.com/r/freelance_forhire/comments/1rah7or/looking_for_worksfor_hire/
Ari-Special825,,,,low_relevance,reddit,trash,,,[Hiring] Join Discord make money🔒,0,https://reddit.com/r/freelance_forhire/comments/1rah5l1/hiring_join_discord_make_money/
Ari-Special825,,,,low_relevance,reddit,trash,,,[Hiring] Join Discord make money🛍,0,https://reddit.com/r/freelance_forhire/comments/1rah2ty/hiring_join_discord_make_money/
Ari-Special825,,,,low_relevance,reddit,trash,,,[Hiring] Join Discord make money💱,0,https://reddit.com/r/freelance_forhire/comments/1rah0ac/hiring_join_discord_make_money/
Ari-Special825,,,,low_relevance,reddit,trash,,,[Hiring] Join Discord make money🐻,0,https://reddit.com/r/freelance_forhire/comments/1ragxqt/hiring_join_discord_make_money/
fidinn10,,,,bot_low_karma_47,reddit,trash,,,[Hiring] short-form video clippers,0,https://reddit.com/r/freelance_forhire/comments/1ragvln/hiring_shortform_video_clippers/
Ari-Special825,,,,low_relevance,reddit,trash,,,[Hiring] Join Discord make money⚰,0,https://reddit.com/r/freelance_forhire/comments/1ragv7t/hiring_join_discord_make_money/
Ari-Special825,,,,low_relevance,reddit,trash,,,[Hiring] Join Discord make money🍔,0,https://reddit.com/r/freelance_forhire/comments/1ragsrf/hiring_join_discord_make_money/
Ari-Special825,,,,low_relevance,reddit,trash,,,[Hiring] Join Discord make money🏩,0,https://reddit.com/r/freelance_forhire/comments/1ragq71/hiring_join_discord_make_money/
Ari-Special825,,,,low_relevance,reddit,trash,,,[Hiring] Join Discord make money☣,0,https://reddit.com/r/freelance_forhire/comments/1ragnly/hiring_join_discord_make_money/
Ari-Special825,,,,low_relevance,reddit,trash,,,[Hiring] Join Discord make money🗜,0,https://reddit.com/r/freelance_forhire/comments/1ragky3/hiring_join_discord_make_money/
Ari-Special825,,,,low_relevance,reddit,trash,,,[Hiring] Join Discord make money💷,0,https://reddit.com/r/freelance_forhire/comments/1ragiba/hiring_join_discord_make_money/
Ari-Special825,,,,low_relevance,reddit,trash,,,[Hiring] Join Discord make money🦁,0,https://reddit.com/r/freelance_forhire/comments/1ragfq9/hiring_join_discord_make_money/
panchopillow,,,,intent_for_hire,reddit,trash,,,[For Hire] Trying to get first software freelancing gigs,0,https://reddit.com/r/freelance_forhire/comments/1ragfn4/for_hire_trying_to_get_first_software_freelancing/
rvx_editz_11,,,,intent_for_hire,reddit,trash,,,[FOR HIRE] LOOKING FOR CLIENTS TO HELP THEM IN WEB DEVELOPMENT AND GRAPHIC DESIGNING,0,https://reddit.com/r/freelance_forhire/comments/1rage5h/for_hire_looking_for_clients_to_help_them_in_web/
Ari-Special825,,,,low_relevance,reddit,trash,,,[Hiring] Join Discord make money🚧,0,https://reddit.com/r/freelance_forhire/comments/1ragd77/hiring_join_discord_make_money/
Tight-Reading-9811,,,,scam_pattern,reddit,trash,,,[hiring] yt follow for $22,0,https://reddit.com/r/freelance_forhire/comments/1ragbsh/hiring_yt_follow_for_22/
Sebijose,,,,bot_low_karma_48,reddit,trash,,,[Hiring] NSFW Lead Gen (Commission only),0,https://reddit.com/r/freelance_forhire/comments/1rag2gm/hiring_nsfw_lead_gen_commission_only/
Damianmakesyousmile,0,,N/A,ai_call_failed,reddit,trash,,[],[Task] Hiring Customer Support VAs and Setters,5,https://reddit.com/r/slavelabour/comments/1rab11c/task_hiring_customer_support_vas_and_setters/
Famous-Ad8036,,,,intent_offer,reddit,trash,,,[OFFER] LF for Rainbow 6 Siege players to play custom games $10,0,https://reddit.com/r/slavelabour/comments/1ra9oak/offer_lf_for_rainbow_6_siege_players_to_play/
_akuma_kage_,0,,N/A,ai_call_failed,reddit,trash,,[],[TASK] Make 500-1k/m with this,5,https://reddit.com/r/slavelabour/comments/1ra8z4h/task_make_5001km_with_this/
ProgrammerBecca,,,,intent_offer,reddit,trash,,,[OFFER] Remote Part-Time Support Role – Flexible Hours (10–15 hrs/month),0,https://reddit.com/r/slavelabour/comments/1ra3pio/offer_remote_parttime_support_role_flexible_hours/
MaskedDream,,,,intent_offer,reddit,trash,,,[OFFER] Dark Fantasy Character Creation — $35,0,https://reddit.com/r/slavelabour/comments/1ra2eyx/offer_dark_fantasy_character_creation_35/
Responsible-Proof-90,75,Highlight your Zoho CRM setup experience and scripting skills. Mention ongoing availability.,,score_pass,reddit,alert,"Need an experienced Zoho dev for custom pipelines, automation, VoIP integration, and reporting.","['Zoho CRM', 'Deluge Scripting', 'Zoho API', 'VoIP/Telephony']",Zoho CRM Expert - Automation & Integration,37,https://reddit.com/r/slavelabour/comments/1ra1x4k/task_looking_for_a_zoho_expert_crm_automation/
AHanan07,,,,intent_offer,reddit,trash,,,[Offer] I will Be Your Professional Virtual Assistant For $6 per hour,0,https://reddit.com/r/slavelabour/comments/1ra04vz/offer_i_will_be_your_professional_virtual/
mentally-illegally,,,,low_relevance,reddit,trash,,,[Task] a buyer for UK vinted,0,https://reddit.com/r/slavelabour/comments/1r9ytbc/task_a_buyer_for_uk_vinted/
KawaiiLabs,70,"Highlight your U.S. residency, customer service experience, and ability to multitask in a fast-paced environment.",$15/hr,score_pass,reddit,alert,U.S.-based remote job for a Call Center Associate with strong communication skills.,[],Call Center Associate,80,https://reddit.com/r/slavelabour/comments/1r9yqf3/task_remote_call_center_customer_service_work_us/
Its__MasoodMohamed,,,,intent_offer,reddit,trash,,,[OFFER] WordPress Custom Design &amp; Development,0,https://reddit.com/r/slavelabour/comments/1r9xdph/offer_wordpress_custom_design_development/
poker_22,,,,intent_offer,reddit,trash,,,[Offer] Virtual Assistant $3/hour,0,https://reddit.com/r/slavelabour/comments/1r9tttk/offer_virtual_assistant_3hour/
edamametrees,0,Share your portfolio and agree to a 1-minute sample.,$30 per project,score_pass,reddit,alert,Long term 2D Stick Figure Animator wanted for a faceless YouTube channel.,[],2D Stick Figure Animator,5,https://reddit.com/r/slavelabour/comments/1r9rhgj/task_need_2d_stick_figure_animator_30/
AccordingDream7292,,,,intent_offer,reddit,trash,,,[OFFER] Reddit Promoters (NSFW Creators),0,https://reddit.com/r/slavelabour/comments/1r9onbx/offer_reddit_promoters_nsfw_creators/
noobi-e,,,,intent_offer,reddit,trash,,,[Offer] Stop paying thousands for a restaurant website,0,https://reddit.com/r/slavelabour/comments/1r9nvnd/offer_stop_paying_thousands_for_a_restaurant/
T_h_e_Assassin,,,,intent_offer,reddit,trash,,,[offer]Web developer modern responsive sites + Portfolio / Business /landing page,0,https://reddit.com/r/slavelabour/comments/1r9n09h/offerweb_developer_modern_responsive_sites/
Advanced_Tower2186,,,,scam_pattern,reddit,trash,,,[task] VA needed for simple social media tasks 1 hour daily / $3 an hour,0,https://reddit.com/r/slavelabour/comments/1r9mg4r/task_va_needed_for_simple_social_media_tasks_1/
whyisthissarah,,,,intent_offer,reddit,trash,,,[offer] VA/admin/secretarial work – open to other tasks,0,https://reddit.com/r/slavelabour/comments/1r9m2og/offer_vaadminsecretarial_work_open_to_other_tasks/
NotDavidYinYang,,,,intent_offer,reddit,trash,,,[offer] I am looking to WORK as a full time customer service/ VA position for as low as$8/hour,0,https://reddit.com/r/slavelabour/comments/1r9jwa8/offer_i_am_looking_to_work_as_a_full_time/
orangeberry81,0,"Offer assistance, confirm location and eligibility, request more details about the task.",$20,score_pass,reddit,alert,A requirement for a male caregiver in the US or Canada for a simple task related to a bedridden patient.,[],Hospital Caregiver Assistance,6,https://reddit.com/r/slavelabour/comments/1r9iqrg/task_i_need_someone_with_a_patient_in_hospital/
kyliem00,,,,intent_offer,reddit,trash,,,[offer] Digital Folder Organization Service – $10,0,https://reddit.com/r/slavelabour/comments/1r9ge0n/offer_digital_folder_organization_service_10/
Key_Squash_5890,,,,intent_offer,reddit,trash,,,"[offer]I build small AI automations for operators, what should I automate for you?",0,https://reddit.com/r/slavelabour/comments/1r9eh0b/offeri_build_small_ai_automations_for_operators/
Bewsa3,80,"Submit your portfolio of short-form videos, current editing channels, location/timezone, rates, and proficiency in the required tools.",$3-$10/hour or $1-$5/video,score_pass,reddit,alert,"A job post seeking a fast and opinionated video editor to create high-engagement, TikTok-style content for an ultra-premium probiotic brand.","['CapCut', 'Premiere Pro', 'Final Cut', 'After Effects']",Video Editor for Short-Form Content,85,https://reddit.com/r/slavelabour/comments/1r9bgry/task_video_edit_for_shortform_tiktokreelsshorts/
EmptyLecture4000,,,,intent_offer,reddit,trash,,,[offer] trying to earn £30 by tomorrow,0,https://reddit.com/r/slavelabour/comments/1r9a9tw/offer_trying_to_earn_30_by_tomorrow/
rawrza1,30,Express availability and general understanding of the region.,$5-$20,score_pass,reddit,alert,Small phone task for advancing a business. Bonus for real estate knowledge.,[],(NJ/NY/PA) Phone Task,35,https://reddit.com/r/slavelabour/comments/1r99hox/task_njnypa_520_for_a_small_task/
sahil_meena,,,,intent_offer,reddit,trash,,,[Offer] Win 2026 professionally. NO to AI/marketing slop.,0,https://reddit.com/r/slavelabour/comments/1r98iwy/offer_win_2026_professionally_no_to_aimarketing/
DanTheManWithAPlan,0,"Provide a list of researched emails, clinic names, cities/states, websites, and source URLs",$0.30–$0.60 per lead,score_pass,reddit,alert,Hiring someone to manually research email addresses for individual franchise locations of premium health clinics in the U.S.,[],Manually Research Email Addresses for US Health Clinic Franchise Locations,43,https://reddit.com/r/slavelabour/comments/1r9852t/task_manually_research_email_addresses_for_us/
SectionPretend9224,60,"Personalize DMs, follow up where necessary, hand off warm leads.",$0.10/hr + $20 commission per confirmed demo booked,score_pass,reddit,alert,Perform targeted outbound outreach to book demos with aesthetic clinics.,"['Instagram', 'Facebook', 'Google']",Instagram/Facebook Cold Outreach for Aesthetics Startup,70,https://reddit.com/r/slavelabour/comments/1r97ved/task_instagramfacebook_cold_outreach_20demo_booked/
Ill_Date310,,,,intent_offer,reddit,trash,,,[OFFER] Social Media Manager | Content Creation | Reels | Engagement | Growth Strategy ($299/mo),0,https://reddit.com/r/slavelabour/comments/1r96c53/offer_social_media_manager_content_creation_reels/
asafusa553,,,,intent_offer,reddit,trash,,,[offer] Affordable image editing available.,0,https://reddit.com/r/slavelabour/comments/1r923s0/offer_affordable_image_editing_available/
Own_Carob9804,,,,intent_offer,reddit,trash,,,[offer] AI TikTok analytics app beta users,0,https://reddit.com/r/slavelabour/comments/1r9149i/offer_ai_tiktok_analytics_app_beta_users/
Pretty-Estimate472,,,,intent_not_hiring,reddit,trash,,,En busca de ingresos (Trabajo).,0,https://reddit.com/r/remotework/comments/1rahk7x/en_busca_de_ingresos_trabajo/
Competitive1813,,,,bot_low_karma_1,reddit,trash,,,recent grad in DMV looking for a job,0,https://reddit.com/r/remotework/comments/1rah5ti/recent_grad_in_dmv_looking_for_a_job/
emniscient,,,,intent_not_hiring,reddit,trash,,,Trying to remember the name of a website.,0,https://reddit.com/r/remotework/comments/1rafq5g/trying_to_remember_the_name_of_a_website/
Good_Wasabi1280,,,,intent_not_hiring,reddit,trash,,,In office/hybrid delema,0,https://reddit.com/r/remotework/comments/1raf33l/in_officehybrid_delema/
Good_Wasabi1280,,,,intent_not_hiring,reddit,trash,,,In office/hybrid delema,0,https://reddit.com/r/remotework/comments/1raf2cr/in_officehybrid_delema/
sara2022s,,,,intent_not_hiring,reddit,trash,,,What’s a Realistic Way to Earn $20/Day Online Starting From Scratch?,0,https://reddit.com/r/remotework/comments/1radynz/whats_a_realistic_way_to_earn_20day_online/
Shot-College-7501,,,,intent_not_hiring,reddit,trash,,,Need advice - newly promoted manager struggling with new leadership. What to do next?,0,https://reddit.com/r/remotework/comments/1racawk/need_advice_newly_promoted_manager_struggling/
charlieelcaracol,,,,intent_not_hiring,reddit,trash,,,Is this normal? It feels like a scam,0,https://reddit.com/r/remotework/comments/1rac4g8/is_this_normal_it_feels_like_a_scam/
Mr--Clean--Ass-Naked,,,,intent_not_hiring,reddit,trash,,,"What do I expect,am I in or am I still in consideration?",0,https://reddit.com/r/remotework/comments/1rab620/what_do_i_expectam_i_in_or_am_i_still_in/
Express_Chest8856,,,,intent_not_hiring,reddit,trash,,,Linked in following list removed?,0,https://reddit.com/r/remotework/comments/1raapxl/linked_in_following_list_removed/
ProfessionalRich9866,,,,intent_not_hiring,reddit,trash,,,Looking to Transition Into Remote Work – Advice Appreciated,0,https://reddit.com/r/remotework/comments/1raamtn/looking_to_transition_into_remote_work_advice/
GSauce1995,,,,empty_or_removed,reddit,trash,,,Looking for EDI Specialist Role – Experienced in ERP &amp; Data Integration,0,https://reddit.com/r/remotework/comments/1ra9ges/looking_for_edi_specialist_role_experienced_in/
Beezy2029,,,,intent_not_hiring,reddit,trash,,,My partner has anxiety and I don’t know how to help him,0,https://reddit.com/r/remotework/comments/1ra8f6t/my_partner_has_anxiety_and_i_dont_know_how_to/
Jader189,,,,bot_low_karma_3,reddit,trash,,,Hiring in a State you aren’t registered to do business in,0,https://reddit.com/r/remotework/comments/1ra7in1/hiring_in_a_state_you_arent_registered_to_do/
FIlifesomeday,,,,intent_not_hiring,reddit,trash,,,Got the dreaded RTO notice,0,https://reddit.com/r/remotework/comments/1ra7fk8/got_the_dreaded_rto_notice/
Excellent-Material-7,,,,intent_not_hiring,reddit,trash,,,Quitting UK WFH job can I offer to keep the company PC and have it deducted from my salary?,0,https://reddit.com/r/remotework/comments/1ra74zf/quitting_uk_wfh_job_can_i_offer_to_keep_the/
Brilliant_Lie8556,,,,intent_not_hiring,reddit,trash,,,Doctor's remote work,0,https://reddit.com/r/remotework/comments/1ra5tqc/doctors_remote_work/
SuddenConcern137,,,,intent_not_hiring,reddit,trash,,,When the Promotion Isn’t What You Expected,0,https://reddit.com/r/remotework/comments/1ra4uzs/when_the_promotion_isnt_what_you_expected/
Left-Advantage1603,,,,intent_not_hiring,reddit,trash,,,How do you handle your work while traveling?,0,https://reddit.com/r/remotework/comments/1ra4mg9/how_do_you_handle_your_work_while_traveling/
Background-Proof5320,,,,intent_not_hiring,reddit,trash,,,Cisco Nexus Dashboard professional.,0,https://reddit.com/r/remotework/comments/1ra4ixi/cisco_nexus_dashboard_professional/
ellensrooney,,,,intent_not_hiring,reddit,trash,,,Best way to handle international payroll services for first remote hire?,0,https://reddit.com/r/digitalnomad/comments/1r7nj89/best_way_to_handle_international_payroll_services/
Present-Square-6232,,,,intent_not_hiring,reddit,trash,,,This may be a silly question - is this a viable strategy to become a digital nomad?,0,https://reddit.com/r/digitalnomad/comments/1r5xfjy/this_may_be_a_silly_question_is_this_a_viable/
Whatsthescoreee,,,,intent_not_hiring,reddit,trash,,,Setting up gym abroad as a Brit?,0,https://reddit.com/r/digitalnomad/comments/1qu22lg/setting_up_gym_abroad_as_a_brit/
User665544332211,,,,bot_suspicious_username,reddit,trash,,,Why would we want to use an umbrella corporation vs just being a 1099 contractor without one?,0,https://reddit.com/r/digitalnomad/comments/1qleyn7/why_would_we_want_to_use_an_umbrella_corporation/
jjhils1,,,,intent_not_hiring,reddit,trash,,,Burn out from toxic boss,0,https://reddit.com/r/digitalnomad/comments/1qi5gt6/burn_out_from_toxic_boss/
jay_ingle,,,,intent_not_hiring,reddit,trash,,,Advice from therapists who work abroad?,0,https://reddit.com/r/digitalnomad/comments/1qflt5z/advice_from_therapists_who_work_abroad/
Hot_Instance9307,,,,intent_not_hiring,reddit,trash,,,Upwork,0,https://reddit.com/r/digitalnomad/comments/1q2y8w3/upwork/
Free-Toe5074,,,,intent_not_hiring,reddit,trash,,,Software Engineer with 5 years of experience planning to relocate on a Digital nomad visa,0,https://reddit.com/r/digitalnomad/comments/1q2u9ag/software_engineer_with_5_years_of_experience/
Beautiful_Papaya_007,,,,intent_not_hiring,reddit,trash,,,timezone restrictions are such an annoyance when applying for remote job,0,https://reddit.com/r/digitalnomad/comments/1q1xvuh/timezone_restrictions_are_such_an_annoyance_when/
thatguynoonelikes3,,,,intent_not_hiring,reddit,trash,,,Making money outside of working online? Market or Real estate?,0,https://reddit.com/r/digitalnomad/comments/1pw1nql/making_money_outside_of_working_online_market_or/
Status_Hotel_8298,,,,intent_not_hiring,reddit,trash,,,"I got tired of scrolling through low-ball offers, so I compiled a list of high-paying remote roles ($40-$150/hr) into a live spreadsheet",0,https://reddit.com/r/digitalnomad/comments/1pt67fk/i_got_tired_of_scrolling_through_lowball_offers/
YouthApart7246,,,,intent_offer,reddit,trash,,,[offer] Getting paid to audition for gigs instead of writing free proposals,0,https://reddit.com/r/digitalnomad/comments/1pphd7h/offer_getting_paid_to_audition_for_gigs_instead/
ssunflow3rr,,,,intent_not_hiring,reddit,trash,,,"My remote real estate income setup while traveling full-time, 11 rentals in US and canada",0,https://reddit.com/r/digitalnomad/comments/1pp9z8v/my_remote_real_estate_income_setup_while/
sexyxse,,,,intent_not_hiring,reddit,trash,,,"If you have to restart from scratch, would you choose path A or B ? Sorry for long post. Wasn’t expecting this to be a book.",0,https://reddit.com/r/digitalnomad/comments/1pio52k/if_you_have_to_restart_from_scratch_would_you/
1234yeahboi,,,,intent_not_hiring,reddit,trash,,,"hired developer in brazil, laptop stuck in customs for 6 weeks, onboarding was a complete disaster",0,https://reddit.com/r/digitalnomad/comments/1pi9ncg/hired_developer_in_brazil_laptop_stuck_in_customs/
Sweaty-Staff8100,,,,intent_not_hiring,reddit,trash,,,"Digital nomads from small or unknown countries, what was your escape route?",0,https://reddit.com/r/digitalnomad/comments/1phlfbf/digital_nomads_from_small_or_unknown_countries/
m_corleone_22,,,,intent_not_hiring,reddit,trash,,,Solo founders building fintech apps - how do you handle QA/testing?,0,https://reddit.com/r/digitalnomad/comments/1pfd0ut/solo_founders_building_fintech_apps_how_do_you/
Cptatya,,,,intent_not_hiring,reddit,trash,,,Tips from expats/nomads in Thailand?,0,https://reddit.com/r/digitalnomad/comments/1pej9ms/tips_from_expatsnomads_in_thailand/
TFChange,,,,intent_not_hiring,reddit,trash,,,Transitioning from Teaching → Customer Success → Tech Ops → Automation (n8n/Make) — Is this a solid plan?,0,https://reddit.com/r/digitalnomad/comments/1p6zsos/transitioning_from_teaching_customer_success_tech/
Beirut2015,,,,intent_not_hiring,reddit,trash,,,Can I remain a regular employee after my work visa expires if I move abroad on a digital nomad visa?,0,https://reddit.com/r/digitalnomad/comments/1p08zbu/can_i_remain_a_regular_employee_after_my_work/
Juan12fffg,,,,intent_not_hiring,reddit,trash,,,¿Me conviene dedicarme al campo?,0,https://reddit.com/r/empleos_AR/comments/1rahlqe/me_conviene_dedicarme_al_campo/
Fantastic_Water6455,,,,intent_not_hiring,reddit,trash,,,llevo 1 meses intentando buscar un trabajo remoto y no consigo nada ayudaaaaa,0,https://reddit.com/r/empleos_AR/comments/1raftk0/llevo_1_meses_intentando_buscar_un_trabajo_remoto/
Fantastic_Water6455,,,,intent_not_hiring,reddit,trash,,,llevo 1 meses intentando buscar un trabajo remoto y no consigo nada ayudaaaaa,0,https://reddit.com/r/empleos_AR/comments/1raft8t/llevo_1_meses_intentando_buscar_un_trabajo_remoto/
Designer_Surprise784,,,,intent_not_hiring,reddit,trash,,,sueldos,0,https://reddit.com/r/empleos_AR/comments/1rafbe3/sueldos/
Flashy-Claim340,,,,intent_not_hiring,reddit,trash,,,Hay algún veterinario en el grupo?,0,https://reddit.com/r/empleos_AR/comments/1raf1ng/hay_algún_veterinario_en_el_grupo/
Electrical-Jaguar219,,,,intent_not_hiring,reddit,trash,,,Trabajo en equipo,0,https://reddit.com/r/empleos_AR/comments/1rab71g/trabajo_en_equipo/
Gato_de_Reddit_,,,,intent_not_hiring,reddit,trash,,,¿Soy un empleado asalariado o pretencioso?,0,https://reddit.com/r/empleos_AR/comments/1raayge/soy_un_empleado_asalariado_o_pretencioso/
IanChoDK,,,,intent_not_hiring,reddit,trash,,,Sanción y reducción de horario,0,https://reddit.com/r/empleos_AR/comments/1ra9fws/sanción_y_reducción_de_horario/
EitherRoom1910,,,,intent_not_hiring,reddit,trash,,,Me dicen que soy un genio pero me negrean.,0,https://reddit.com/r/empleos_AR/comments/1ra8zy2/me_dicen_que_soy_un_genio_pero_me_negrean/
Brilliant-Bite-6142,,,,intent_not_hiring,reddit,trash,,,¿Me están re negreando o soy un mal agradecido?,0,https://reddit.com/r/empleos_AR/comments/1ra8adn/me_están_re_negreando_o_soy_un_mal_agradecido/
Wonderful-Client7856,,,,intent_not_hiring,reddit,trash,,,Sueldo anestesiólogos argentina,0,https://reddit.com/r/empleos_AR/comments/1ra5h88/sueldo_anestesiólogos_argentina/
farlopa24,,,,intent_not_hiring,reddit,trash,,,Dibujante proyectista / CADista (info),0,https://reddit.com/r/empleos_AR/comments/1ra5bm9/dibujante_proyectista_cadista_info/
Recent-Bake8655,,,,intent_not_hiring,reddit,trash,,,McDonald's/Burger/Neverland,0,https://reddit.com/r/empleos_AR/comments/1ra55lb/mcdonaldsburgerneverland/
Brilliant-Battle-153,,,,intent_not_hiring,reddit,trash,,,Busco trabajo y voy para el fracaso,0,https://reddit.com/r/empleos_AR/comments/1ra5536/busco_trabajo_y_voy_para_el_fracaso/
DurianOk4697,,,,intent_not_hiring,reddit,trash,,,Buscar otro trabajo mientras estas en otro.,0,https://reddit.com/r/empleos_AR/comments/1ra4mks/buscar_otro_trabajo_mientras_estas_en_otro/
Maximum_Camp9530,,,,intent_not_hiring,reddit,trash,,,Trabaje en hamburguesas express me despidieron ellos y me piden carta renuncia a mi.,0,https://reddit.com/r/empleos_AR/comments/1ra3xel/trabaje_en_hamburguesas_express_me_despidieron/
0banai_,,,,intent_not_hiring,reddit,trash,,,linkedin me sirve para mi caso?,0,https://reddit.com/r/empleos_AR/comments/1ra3uax/linkedin_me_sirve_para_mi_caso/
Less_Signature5997,,,,intent_not_hiring,reddit,trash,,,"Busco intermediario, pago de hasta 800$",0,https://reddit.com/r/empleos_AR/comments/1ra3mga/busco_intermediario_pago_de_hasta_800/
XIX_The_Sun_,,,,intent_not_hiring,reddit,trash,,,Buscar trabajo en fabrica,0,https://reddit.com/r/empleos_AR/comments/1ra36v8/buscar_trabajo_en_fabrica/
kalikali899020,,,,bot_suspicious_username,reddit,trash,,,"Hola! Quería saber si podrían indicarme empresas que contraten trainee de sap en Argentina, conozco softtek y Accenture, pero hay alguna más? Gracias! Estoy intentan empezar en sap pero no veo muchas oportunidades 😪",0,https://reddit.com/r/empleos_AR/comments/1ra2u1c/hola_quería_saber_si_podrían_indicarme_empresas/
BeginningLock9166,,,,intent_not_hiring,reddit,trash,,,Trabajo remoto para estadounidense desde Mexico,0,https://reddit.com/r/mexico/comments/1r6onrh/trabajo_remoto_para_estadounidense_desde_mexico/
LordItzjac,,,,intent_not_hiring,reddit,trash,,,Experiencias tramitando Green card EB-2 sin patrocinador,0,https://reddit.com/r/mexico/comments/1r3nbnk/experiencias_tramitando_green_card_eb2_sin/
Concor3434,,,,intent_not_hiring,reddit,trash,,,"Encontré un trabajo remoto, pero creo que no suena legal.",0,https://reddit.com/r/mexico/comments/1r21wa8/encontré_un_trabajo_remoto_pero_creo_que_no_suena/
antibarking01,,,,intent_not_hiring,reddit,trash,,,Puedo tener dos trabajos remotos?,0,https://reddit.com/r/mexico/comments/1qu770r/puedo_tener_dos_trabajos_remotos/
Old-Relief-3047,,,,intent_not_hiring,reddit,trash,,,¿Conocen trabajos profesionales en México que paguen mejor que ese mismo trabajo en remoto empresas en USA?,0,https://reddit.com/r/mexico/comments/1qpckok/conocen_trabajos_profesionales_en_méxico_que/
Empty_Instance_5212,,,,intent_not_hiring,reddit,trash,,,Maestria siendo Ingeniero,0,https://reddit.com/r/mexico/comments/1qm1iqb/maestria_siendo_ingeniero/
Hot_Efficiency2542,,,,intent_not_hiring,reddit,trash,,,Recomiendan Starlink??,0,https://reddit.com/r/mexico/comments/1qln2i1/recomiendan_starlink/
dark-matter81,,,,intent_not_hiring,reddit,trash,,,¿Cómo se consigue trabajo que no sea Linkedin?,0,https://reddit.com/r/mexico/comments/1qj53ga/cómo_se_consigue_trabajo_que_no_sea_linkedin/
Intelligent_Map8120,,,,intent_not_hiring,reddit,trash,,,Me podría mudar desde USA a MX?,0,https://reddit.com/r/mexico/comments/1qi7i3l/me_podría_mudar_desde_usa_a_mx/
Routine_Title_595,,,,intent_not_hiring,reddit,trash,,,Recomienden zona chida para rentar en CDMX,0,https://reddit.com/r/mexico/comments/1qhst0e/recomienden_zona_chida_para_rentar_en_cdmx/
Moiz_khurram,,,,seen_before,reddit,trash,,,[Hiring] Senior Python Engineer US-scale business intelligence pipeline maps plus websites plus scoring plus minimal API UI $500-$650,0,https://reddit.com/r/forhire/comments/1r9zxod/hiring_senior_python_engineer_usscale_business/
hevos_hioer,,,,intent_for_hire,reddit,trash,,,"[For Hire] Python Tutor - Lessons and help with projects, exams, assignments, general help 15$/h",0,https://reddit.com/r/forhire/comments/1r8wxmw/for_hire_python_tutor_lessons_and_help_with/
DTCreeperMCL6,,,,intent_for_hire,reddit,trash,,,[For Hire] Python Developer,0,https://reddit.com/r/forhire/comments/1r7w9yf/for_hire_python_developer/
00Bands,80,Highlight your expertise in the given tech stack and share examples of similar complex projects you've worked on.,$2000-3000/month,score_pass,reddit,alert,"Join a growing software development company as a Senior Full-Stack Developer, working on modern projects with Django/React. Hybrid or remote within Bulgaria/Balkans region.","['Python', 'Django', 'React', 'TypeScript', 'Next.js', 'PostgreSQL', 'Docker', 'REST APIs', 'Git', 'TailwindCSS', 'Material UI', 'Semantic UI React']",Senior Full-Stack Developer - Django/React,70,https://reddit.com/r/forhire/comments/1r7fimi/hiring_bulgariabalkans_remotehybrid_senior/
ApprehensiveTheory20,,,,intent_for_hire,reddit,trash,,,"[FOR HIRE] Senior Full-Stack Engineer | React, Next.js, TypeScript, FastAPI, Python | AWS, Docker, Kubernetes | 3+ Years Exp | $40-60/hr or Fixed",0,https://reddit.com/r/forhire/comments/1r6b0u0/for_hire_senior_fullstack_engineer_react_nextjs/
UsualNobody28,,,,intent_for_hire,reddit,trash,,,[For Hire] Stop copy-pasting manually. I can scrape websites and clean your data in minutes.,0,https://reddit.com/r/forhire/comments/1r6a4ab/for_hire_stop_copypasting_manually_i_can_scrape/
AGENT_1611,,,,intent_for_hire,reddit,trash,,,"[for hire] I'm available: Web Designer/Developer. Wordpress, eCommerce and more. Complete website package and launch help. Can start fast/Remote.",0,https://reddit.com/r/forhire/comments/1r62jny/for_hire_im_available_web_designerdeveloper/
inokiyu,,,,intent_for_hire,reddit,trash,,,"[For Hire] Full-Stack Developer | Python, C, C++, Web Development | Available Immediately",0,https://reddit.com/r/forhire/comments/1r5fblm/for_hire_fullstack_developer_python_c_c_web/
Klutzy_Letterhead578,,,,intent_for_hire,reddit,trash,,,[FOR HIRE] Full-Stack Python Developer | 7 Years Experience | $30/hr,0,https://reddit.com/r/forhire/comments/1r4gt24/for_hire_fullstack_python_developer_7_years/
EtikDigital512,,,,scam_pattern,reddit,trash,,,[Hiring] Looking for Python Developer to Build Polymarket Trading Bot - $400 Budget,0,https://reddit.com/r/forhire/comments/1r44um0/hiring_looking_for_python_developer_to_build/
rmxttmgg,,,,intent_for_hire,reddit,trash,,,"[for hire] Build your desired website/app with me. For Hire Front-End/Back-End/FullStack Dev. Design, Code, Deploy. Custom, Secure, End to End Solutions. (Remote/Flexible TimeZone)",0,https://reddit.com/r/forhire/comments/1r8zh7b/for_hire_build_your_desired_websiteapp_with_me/
Virtual-Breath-4934,,,,intent_for_hire,reddit,trash,,,"[For Hire] Web Scraping, Automation &amp; AI Integration -- custom scripts, bots, data pipelines | $30+",0,https://reddit.com/r/forhire/comments/1r81u22/for_hire_web_scraping_automation_ai_integration/
Virtual-Breath-4934,,,,intent_for_hire,reddit,trash,,,"[For Hire] Web Scraping, Automation &amp; AI Integration -- custom scripts, bots, data pipelines | $30+",0,https://reddit.com/r/forhire/comments/1r7bswj/for_hire_web_scraping_automation_ai_integration/
Agent_Phantom,,,,intent_for_hire,reddit,trash,,,"[For Hire] Web Scraping, Automation Software and custom Bots",0,https://reddit.com/r/forhire/comments/1r7ay87/for_hire_web_scraping_automation_software_and/
UsualNobody28,,,,intent_for_hire,reddit,trash,,,[For Hire] Stop copy-pasting manually. I can scrape websites and clean your data in minutes.,0,https://reddit.com/r/forhire/comments/1r6a4ab/for_hire_stop_copypasting_manually_i_can_scrape/
AGENT_1611,,,,intent_for_hire,reddit,trash,,,"[for hire] I'm available: Web Designer/Developer. Wordpress, eCommerce and more. Complete website package and launch help. Can start fast/Remote.",0,https://reddit.com/r/forhire/comments/1r62jny/for_hire_im_available_web_designerdeveloper/
auroradream004,,,,intent_for_hire,reddit,trash,,,"[FOR HIRE] Full-Stack Developer &amp; Founder of Studio Aurora | High Converting Landing Pages, SaaS, &amp; AI Solutions",0,https://reddit.com/r/forhire/comments/1r55ter/for_hire_fullstack_developer_founder_of_studio/
rmxttmgg,,,,intent_for_hire,reddit,trash,,,"[for hire] Build your desired website/app with me. For Hire Front-End/Back-End/FullStack Dev. Design, Code, Deploy. Custom, Secure, End to End Solutions. (Remote/Flexible TimeZone)",0,https://reddit.com/r/forhire/comments/1r2sl89/for_hire_build_your_desired_websiteapp_with_me/
rmxttmgg,,,,intent_for_hire,reddit,trash,,,"[for hire] Build your desired website/app with me. For Hire Front-End/Back-End/FullStack Dev. Design, Code, Deploy. Custom, Secure, End to End Solutions. (Remote/Flexible TimeZone)",0,https://reddit.com/r/forhire/comments/1qvnvrr/for_hire_build_your_desired_websiteapp_with_me/
AGENT_1611,,,,intent_for_hire,reddit,trash,,,"[for hire] I'm available: Web Designer/Developer. Wordpress, eCommerce and more. Complete website package and launch help. Can start fast/Remote.",0,https://reddit.com/r/forhire/comments/1qtjqjc/for_hire_im_available_web_designerdeveloper/
Virtual-Breath-4934,,,,intent_for_hire,reddit,trash,,,"[For Hire] Web Scraping, Automation &amp; AI Integration -- custom scripts, bots, data pipelines | $30+",0,https://reddit.com/r/forhire/comments/1r81u22/for_hire_web_scraping_automation_ai_integration/
TheStaticFlux,,,,intent_for_hire,reddit,trash,,,"[For Hire] Senior Full Stack Developer &amp; DevOps. Bots, Web, APIs. Pay 50% AFTER Working Prototype.",0,https://reddit.com/r/forhire/comments/1r7ifyj/for_hire_senior_full_stack_developer_devops_bots/
Virtual-Breath-4934,,,,intent_for_hire,reddit,trash,,,"[For Hire] Web Scraping, Automation &amp; AI Integration -- custom scripts, bots, data pipelines | $30+",0,https://reddit.com/r/forhire/comments/1r7bswj/for_hire_web_scraping_automation_ai_integration/
Agent_Phantom,,,,intent_for_hire,reddit,trash,,,"[For Hire] Web Scraping, Automation Software and custom Bots",0,https://reddit.com/r/forhire/comments/1r7ay87/for_hire_web_scraping_automation_software_and/
AGENT_1611,,,,intent_for_hire,reddit,trash,,,"[for hire] I'm available: Web Designer/Developer. Wordpress, eCommerce and more. Complete website package and launch help. Can start fast/Remote.",0,https://reddit.com/r/forhire/comments/1r62jny/for_hire_im_available_web_designerdeveloper/
Fresh_Feeling_2231,,,,intent_for_hire,reddit,trash,,,"[For Hire] I create custom Discord bots, manage Discord servers, and create small websites (starting at $20)",0,https://reddit.com/r/forhire/comments/1r44w3s/for_hire_i_create_custom_discord_bots_manage/
EtikDigital512,,,,scam_pattern,reddit,trash,,,[Hiring] Looking for Python Developer to Build Polymarket Trading Bot - $400 Budget,0,https://reddit.com/r/forhire/comments/1r44um0/hiring_looking_for_python_developer_to_build/
Charming-Ice-6451,,,,intent_for_hire,reddit,trash,,,[For Hire] Bot and Automation Expert,0,https://reddit.com/r/forhire/comments/1r1fqsw/for_hire_bot_and_automation_expert/
Legitimate-Bag-3349,,,,intent_for_hire,reddit,trash,,,"[For Hire] Telegram Bot Developer | Python | Automation, Payments, APIs",0,https://reddit.com/r/forhire/comments/1qysz36/for_hire_telegram_bot_developer_python_automation/
AGENT_1611,,,,intent_for_hire,reddit,trash,,,"[for hire] I'm available: Web Designer/Developer. Wordpress, eCommerce and more. Complete website package and launch help. Can start fast/Remote.",0,https://reddit.com/r/forhire/comments/1qtjqjc/for_hire_im_available_web_designerdeveloper/
IllustratorNormal560,,,,intent_for_hire,reddit,trash,,,[For hire] I will build custom AI Workflows and Automations for you and transform your business with AI,0,https://reddit.com/r/forhire/comments/1rad2gj/for_hire_i_will_build_custom_ai_workflows_and/
moleesther,,,,intent_for_hire,reddit,trash,,,"[For Hire] Nairobi, Kenya-Based: Simple Online Tasks, Chat Moderation, Basic Automation &amp; Micro Gigs – $15 or Less (Remote/Flexible)",0,https://reddit.com/r/forhire/comments/1r9q7lw/for_hire_nairobi_kenyabased_simple_online_tasks/
Extreme-Law6386,,,,intent_for_hire,reddit,trash,,,"[For Hire] Fixing the exact pains killing your almost-ready app: broken AI automations, leaky security, impossible edits, data that lies",0,https://reddit.com/r/forhire/comments/1r99316/for_hire_fixing_the_exact_pains_killing_your/
Virtual-Breath-4934,,,,intent_for_hire,reddit,trash,,,"[For Hire] Custom automation scripts -- if it's repetitive, I can automate it | $50+",0,https://reddit.com/r/forhire/comments/1r958s0/for_hire_custom_automation_scripts_if_its/
rmxttmgg,,,,intent_for_hire,reddit,trash,,,"[for hire] Build your desired website/app with me. For Hire Front-End/Back-End/FullStack Dev. Design, Code, Deploy. Custom, Secure, End to End Solutions. (Remote/Flexible TimeZone)",0,https://reddit.com/r/forhire/comments/1r8zh7b/for_hire_build_your_desired_websiteapp_with_me/
Virtual-Breath-4934,,,,intent_for_hire,reddit,trash,,,"[For Hire] Web Scraping, Automation &amp; AI Integration -- custom scripts, bots, data pipelines | $30+",0,https://reddit.com/r/forhire/comments/1r81u22/for_hire_web_scraping_automation_ai_integration/
00Bands,,,,seen_before,reddit,trash,,,[Hiring] (Bulgaria/Balkans - Remote/Hybrid) Senior Full-Stack Developer - Django/React - $2000-3000/month,0,https://reddit.com/r/forhire/comments/1r7fimi/hiring_bulgariabalkans_remotehybrid_senior/
Virtual-Breath-4934,,,,intent_for_hire,reddit,trash,,,"[For Hire] Excel, Google Sheets &amp; Data Automation -- macros, dashboards, cleanup | $25+",0,https://reddit.com/r/forhire/comments/1r7dcvm/for_hire_excel_google_sheets_data_automation/
Virtual-Breath-4934,,,,intent_for_hire,reddit,trash,,,[For Hire] AI/ChatGPT integration &amp; automation -- custom AI tools for your business | $75+,0,https://reddit.com/r/forhire/comments/1r7dbpp/for_hire_aichatgpt_integration_automation_custom/
Virtual-Breath-4934,,,,intent_for_hire,reddit,trash,,,"[For Hire] Web Scraping, Automation &amp; AI Integration -- custom scripts, bots, data pipelines | $30+",0,https://reddit.com/r/forhire/comments/1r7bswj/for_hire_web_scraping_automation_ai_integration/
rizistt,,,,intent_for_hire,reddit,trash,,,"[FOR HIRE] Self-taught Full Stack + Automation Engineer (C#/.NET, Blazor, UiPath/Power Automate)... IDP + workflow automation",0,https://reddit.com/r/forhire/comments/1r6mlqc/for_hire_selftaught_full_stack_automation/
rjskcch,,,,intent_for_hire,reddit,trash,,,"[For Hire] Professional Illustrator &amp; Graphic Designer | UI Assets, Logos, Icons, Branding ($15-30+/hr)",0,https://reddit.com/r/forhire/comments/1r0bh7r/for_hire_professional_illustrator_graphic/
isximatti,,,,intent_for_hire,reddit,trash,,,"[For Hire] Software Engineer for Quick Fixes &amp; Short-Term Projects (React, PHP, C#, .NET, Three.js)",0,https://reddit.com/r/forhire/comments/1qygq91/for_hire_software_engineer_for_quick_fixes/
gir_softwareservices,,,,seen_before,reddit,trash,,,[HIRING] NetSuite Developers &amp; Administrators,0,https://reddit.com/r/forhire/comments/1qwkt1o/hiring_netsuite_developers_administrators/
Sannyi97,,,,intent_for_hire,reddit,trash,,,[For Hire] Full-Stack .NET Developer | Remote (EU) | Freelance / Contract,0,https://reddit.com/r/forhire/comments/1qwk89s/for_hire_fullstack_net_developer_remote_eu/
Ayus0,,,,intent_for_hire,reddit,trash,,,"[FOR HIRE] Backend / Full-Stack Developer – Remote (Mexico-based, willing to travel/on-site for the right fit)",0,https://reddit.com/r/forhire/comments/1qpjher/for_hire_backend_fullstack_developer_remote/
vodoo777,,,,intent_for_hire,reddit,trash,,,[For Hire] Senior .NET Backend Engineer — Remote / Part-Time (10–20 hrs/week),0,https://reddit.com/r/forhire/comments/1qkey12/for_hire_senior_net_backend_engineer_remote/
Longjumping_Chard993,,,,intent_for_hire,reddit,trash,,,[FOR HIRE] Retainer-based graphic design for small businesses and startups,0,https://reddit.com/r/forhire/comments/1qjnc6v/for_hire_retainerbased_graphic_design_for_small/
halexic,,,,intent_for_hire,reddit,trash,,,"[For Hire] .NET Code Reviews, PR Audits, DB Overview/Architecture/Optimizations | CET Time Zone",0,https://reddit.com/r/forhire/comments/1qj94ez/for_hire_net_code_reviews_pr_audits_db/
SuccessfulStorm5342,,,,intent_for_hire,reddit,trash,,,[For Hire] Final Year AI/ML B.Tech Student | Research Intern Experience ( IIT Hyderabad | IIT Indore) | Seeking ML/AI/GenAI/Data Science Roles,0,https://reddit.com/r/forhire/comments/1qiydt8/for_hire_final_year_aiml_btech_student_research/
rizistt,,,,intent_for_hire,reddit,trash,,,"[FOR HIRE] Self-taught Full Stack + Automation Engineer (C#/.NET, Blazor, UiPath/Power Automate)... IDP + workflow automation",0,https://reddit.com/r/forhire/comments/1r6mlqc/for_hire_selftaught_full_stack_automation/
inokiyu,,,,intent_for_hire,reddit,trash,,,"[For Hire] Full-Stack Developer | Python, C, C++, Web Development | Available Immediately",0,https://reddit.com/r/forhire/comments/1r5fblm/for_hire_fullstack_developer_python_c_c_web/
DeepStruggl3s,50,Discuss your advanced C++ skills and ability to work flexibly.,$20'000-$30'000/month,score_pass,reddit,alert,Highly skilled remote reverse engineer needed for complex software daily.,['C++'],Remote Reverse Engineer,70,https://reddit.com/r/forhire/comments/1r57fnl/hiring_reverse_engineer_2000030000month_c/
huala4701,,,,seen_before,reddit,trash,,,[Hiring] HR Consultants: Internship Opportunity,0,https://reddit.com/r/forhire/comments/1r0zl5d/hiring_hr_consultants_internship_opportunity/
isximatti,,,,intent_for_hire,reddit,trash,,,"[For Hire] Software Engineer for Quick Fixes &amp; Short-Term Projects (React, PHP, C#, .NET, Three.js)",0,https://reddit.com/r/forhire/comments/1qygq91/for_hire_software_engineer_for_quick_fixes/
Fresh-Enthusiasm1100,,,,intent_for_hire,reddit,trash,,,[For Hire] Want a personal assistant who is trustworthy and respects privacy? That sounds like me!,0,https://reddit.com/r/forhire/comments/1qvtxbl/for_hire_want_a_personal_assistant_who_is/
Eternal-Muse-888,,,,intent_for_hire,reddit,trash,,,"[For Hire] Senior Code Performance Specialist (C++, C#, Python) – Remote",0,https://reddit.com/r/forhire/comments/1qr3yco/for_hire_senior_code_performance_specialist_c_c/
Ayus0,,,,intent_for_hire,reddit,trash,,,"[FOR HIRE] Backend / Full-Stack Developer – Remote (Mexico-based, willing to travel/on-site for the right fit)",0,https://reddit.com/r/forhire/comments/1qpjher/for_hire_backend_fullstack_developer_remote/
Vogeltanz,,,,seen_before,reddit,trash,,,[Hiring] (Online) Graphic artist who can tweak a pre-existing image suitable for printing on a plastic party cup. $100 flat fee work for hire. The work must be completed within 24 hours of hire.,0,https://reddit.com/r/forhire/comments/1qol6vu/hiring_online_graphic_artist_who_can_tweak_a/
ADTSCEO,,,,intent_for_hire,reddit,trash,,,[For Hire] | Simple blender animator | About $5/animation (might be lower),0,https://reddit.com/r/forhire/comments/1qnel6t/for_hire_simple_blender_animator_about_5animation/
amelia-pqr,,,,intent_not_hiring,reddit,trash,,,How to -- Pay someone to take my HESI A2 Exam - Pay Someone to take my HESI Exit Exam - Pay someone to do my Nursing HESI Exam - Pay me to take your HESI Exam Online Remotely via Experts Available 24/7 for Service - Best Place to Pay for Bypass Online Proctor to cheat any Exam Online @Hiraedu Reddit,0,https://reddit.com/r/OnlineHESIExam/comments/1radiqo/how_to_pay_someone_to_take_my_hesi_a2_exam_pay/
devil_in_a__dress,,,,intent_not_hiring,reddit,trash,,,"Praxis Exam Help - Praxis Test Help - Cheat on Praxis Exam - Praxis Exam Cheating - Pay someone to take my PRAXIS exam online - Pay someone to do my Praxis exam online - ProctorU exam cheating to pass Praxis Test - Middle School, core Exam, Subject Assessment Help to pass Praxis Test @hiraedu Reddit",0,https://reddit.com/r/praxisexam/comments/1racymm/praxis_exam_help_praxis_test_help_cheat_on_praxis/
vertigo72,60,"Highlight your Python expertise, U.S. citizenship and experience with dynamic teams.",$35-$55/hr,score_pass,reddit,alert,Experienced Python developer required for a U.S. agency project (fluent in English).,['Python'],Software Engineer - Python,75,https://reddit.com/r/PythonJobs/comments/1racj2b/hiring_software_engineer_python_7_years_exp_us/
Crimefiles,,,,intent_for_hire,reddit,trash,,,💻 [FOR HIRE] Full-Stack Developer | Python • JavaScript • SQL | Web Apps • Automation • APIs 📧 Email: topwriter360@gmail.com 💬 Discord: thinktank0727,0,https://reddit.com/r/Programmers_forhire/comments/1racdur/for_hire_fullstack_developer_python_javascript/
vertigo72,75,Highlight your Python experience and U.S. citizenship in the resume.,$40-$60/hr,score_pass,reddit,alert,Experienced Python developer needed for dynamic agency team (U.S. citizen). Salary: $40-$60 per hour.,['Python'],Software Engineer - Python,90,https://reddit.com/r/FreelanceProgramming/comments/1rac1f2/hiring_software_engineer_python_7_years_exp_us/
rrmdp,75,"Highlight your experience with Python, Java, and Automation. Discuss your leadership skills as a Senior Engineer.",,score_pass,reddit,alert,PNC is hiring a Senior Full-time Software Engineer Lead for Automation in the USA.,"['Python', 'Java', 'Automation']",Software Engineer Lead – Automation Anywhere/Python/JAVA,115,https://reddit.com/r/jobboardsearch/comments/1raarpa/hiring_a_software_engineer_lead_automation/
rrmdp,50,"Highlight remote, Python experience, and interest in DevOps.",,score_pass,reddit,alert,Owlish seeks a full-time remote DevOps + Python Engineer.,"['Python', 'DevOps']",DevOps + Python Developer!,80,https://reddit.com/r/jobboardsearch/comments/1raao5f/hiring_a_devops_python_developer_in_owlish/
Difficult-Cellist-67,,,,intent_for_hire,reddit,trash,,,💻 [FOR HIRE] Full-Stack Developer | Python • JavaScript • SQL | Web • Automation • Data Tools 📧 Email: topwriter360@gmail.com 💬 Discord: thinktank0727,0,https://reddit.com/r/Programmers_forhire/comments/1raamru/for_hire_fullstack_developer_python_javascript/
rrmdp,,,,scam_pattern,reddit,trash,,,"[HIRING] a Software Engineer (Python), Institutional! in Blockchain, Inc .",0,https://reddit.com/r/jobboardsearch/comments/1raajsz/hiring_a_software_engineer_python_institutional/
rrmdp,80,Highlight your senior-level Python experience and full-stack skills,,score_pass,reddit,alert,"Full-Time Senior Python Engineer role for Proxify AB, remote position","['Python', 'Django', 'ReactJS', 'VueJS', 'Postgres']",Senior Python AI Engineer,110,https://reddit.com/r/jobboardsearch/comments/1raaj4w/hiring_a_senior_python_ai_engineer_in_proxify_ab/
TheManThatKan,,,,intent_not_hiring,reddit,trash,,,Exploring multiple channels marketing,0,https://reddit.com/r/advertising/comments/1rae2b8/exploring_multiple_channels_marketing/
ansi09,,,,intent_not_hiring,reddit,trash,,,"Colosseum Codex: State of Solana Q4, Prop AMM Challenge, Kamino BuildKit",0,https://reddit.com/r/solana/comments/1rad840/colosseum_codex_state_of_solana_q4_prop_amm/
EstablishmentSea4024,,,,intent_not_hiring,reddit,trash,,,I tested 9 ClawHub skills so you don't have to — here's what actually runs daily (with install commands),0,https://reddit.com/r/OpenClawUseCases/comments/1raculq/i_tested_9_clawhub_skills_so_you_dont_have_to/
Alive_Mind_1784,,,,intent_not_hiring,reddit,trash,,,A BLESSING IN DISGUISE,0,https://reddit.com/r/Vent/comments/1rac16u/a_blessing_in_disguise/
HellaBunny404,,,,intent_not_hiring,reddit,trash,,,My dream is decaying and I'm overwhelmed and stuck.,0,https://reddit.com/r/LifeAdvice/comments/1ra94vt/my_dream_is_decaying_and_im_overwhelmed_and_stuck/
roguejedi1,,,,intent_not_hiring,reddit,trash,,,Intent signals: Noise or goldmine?,0,https://reddit.com/r/GrowthHacking/comments/1ra7b0g/intent_signals_noise_or_goldmine/
roguejedi1,,,,intent_not_hiring,reddit,trash,,,Are intent signals useful or not?,0,https://reddit.com/r/B2BSaaS/comments/1ra77qc/are_intent_signals_useful_or_not/
roguejedi1,,,,intent_not_hiring,reddit,trash,,,Are intent signals just noise?,0,https://reddit.com/r/SaaS/comments/1ra77dd/are_intent_signals_just_noise/
roguejedi1,,,,intent_not_hiring,reddit,trash,,,Intent signals: noise or valuable?,0,https://reddit.com/r/b2b_sales/comments/1ra76sd/intent_signals_noise_or_valuable/
roguejedi1,,,,intent_not_hiring,reddit,trash,,,Are intent signals just noise or actually valuable?,0,https://reddit.com/r/sales/comments/1ra74xt/are_intent_signals_just_noise_or_actually_valuable/
smartybrome,,,,intent_not_hiring,reddit,trash,,,Udemy Free Courses for 06 February 2026,0,https://reddit.com/r/udemyfreebies/comments/1qxcm7z/udemy_free_courses_for_06_february_2026/
smartybrome,,,,intent_not_hiring,reddit,trash,,,Udemy Free Courses for 06 February 2026,0,https://reddit.com/r/udemyfreeebies/comments/1qxcm3w/udemy_free_courses_for_06_february_2026/
Single-Comparison696,,,,intent_not_hiring,reddit,trash,,,Automatizando roleplays con IA para evaluar roles customer-facing,0,https://reddit.com/r/AiAutomations/comments/1pmp4h9/automatizando_roleplays_con_ia_para_evaluar_roles/
TechnoHacks181,,,,intent_not_hiring,reddit,trash,,,"Resumen Estratégico Semanal: Violación de TEEs con Ataques Side-Channel Físicos, Rootkits Evasivos y Tácticas de Estado-Nación en Web3",0,https://reddit.com/r/KryptonSecurity/comments/1onfrmp/resumen_estratégico_semanal_violación_de_tees_con/
Your-God--,,,,intent_not_hiring,reddit,trash,,,Tendencia fuerte: caída en la contratación de roles clásicos de SW y un boom en blockchain/IA ¿qué tan real les parece?,0,https://reddit.com/r/taquerosprogramadores/comments/1okz2gh/tendencia_fuerte_caída_en_la_contratación_de/
Elhend,,,,intent_not_hiring,reddit,trash,,,Ayuda con decidir carrera,0,https://reddit.com/r/salarios_es/comments/1o0ow05/ayuda_con_decidir_carrera/
rrmdp,,,,seen_before,reddit,trash,,,📢 Jabil is hiring a Lead Automation Engineer I (Técnico de Automatización)!,0,https://reddit.com/r/jobboardsearch/comments/1m2qc5j/jabil_is_hiring_a_lead_automation_engineer_i/
smartybrome,,,,intent_not_hiring,reddit,trash,,,List of FREE and Best Selling Discounted Courses,0,https://reddit.com/r/udemyfreeebies/comments/1lu98mz/list_of_free_and_best_selling_discounted_courses/
smartybrome,,,,intent_not_hiring,reddit,trash,,,List of FREE and Best Selling Discounted Courses,0,https://reddit.com/r/udemyfreebies/comments/1lu98ll/list_of_free_and_best_selling_discounted_courses/
Lucky_Appointment941,,,,intent_not_hiring,reddit,trash,,,Nuevos retos para R.R.H.H,0,https://reddit.com/r/RR_HH_TALENTOHUMANO/comments/1kw2uqh/nuevos_retos_para_rrhh/
ansi09,,,,intent_not_hiring,reddit,trash,,,"Colosseum Codex: State of Solana Q4, Prop AMM Challenge, Kamino BuildKit",0,https://reddit.com/r/solana/comments/1rad840/colosseum_codex_state_of_solana_q4_prop_amm/
coko_rime,,,,intent_not_hiring,reddit,trash,,,fast food jobs are Hell for us,0,https://reddit.com/r/AuDHDWomen/comments/1rad0u4/fast_food_jobs_are_hell_for_us/
coko_rime,,,,intent_not_hiring,reddit,trash,,,fast food jobs are Hell for us,0,https://reddit.com/r/AutisticAdults/comments/1racztf/fast_food_jobs_are_hell_for_us/
coko_rime,,,,intent_not_hiring,reddit,trash,,,fast food jobs are Hell for us,0,https://reddit.com/r/AutismInWomen/comments/1raczf7/fast_food_jobs_are_hell_for_us/
EstablishmentSea4024,,,,intent_not_hiring,reddit,trash,,,I tested 9 ClawHub skills so you don't have to — here's what actually runs daily (with install commands),0,https://reddit.com/r/OpenClawUseCases/comments/1raculq/i_tested_9_clawhub_skills_so_you_dont_have_to/
HardForkBot,,,,bot_suspicious_username,reddit,trash,,,[Episode] The Pentagon vs. Anthropic + An A.I. Agent Slandered Me + Hot Mess Express,0,https://reddit.com/r/hardfork/comments/1raco26/episode_the_pentagon_vs_anthropic_an_ai_agent/
LongjumpingTry9573,,,,intent_for_hire,reddit,trash,,,✦ Experienced developer for hire &amp; looking for friends!,0,https://reddit.com/r/MinecraftServerShare/comments/1racllu/experienced_developer_for_hire_looking_for_friends/
LongjumpingTry9573,,,,intent_for_hire,reddit,trash,,,✦ Experienced developer for hire &amp; looking for friends!,0,https://reddit.com/r/MinecraftServerFinder/comments/1racl9a/experienced_developer_for_hire_looking_for_friends/
LongjumpingTry9573,,,,intent_for_hire,reddit,trash,,,✦ Experienced developer for hire &amp; looking for friends!,0,https://reddit.com/r/mcstaff/comments/1racl05/experienced_developer_for_hire_looking_for_friends/
LongjumpingTry9573,,,,intent_for_hire,reddit,trash,,,✦ Experienced developer for hire &amp; looking for friends!,0,https://reddit.com/r/MinecraftPlugins/comments/1rackov/experienced_developer_for_hire_looking_for_friends/
thegreatIntex,50,"Highlight your reliability, living location and relevant administrative skills.",$15-$25 per hour,score_pass,reddit,alert,Urgent request for reliable male part-time virtual assistants for basic admin tasks in Western/Northern Europe.,[],Part-Time Virtual Assistant,70,https://reddit.com/r/freelance_forhire/comments/1rafhvq/hiring_urgent_male_parttime_virtual_assistants/
Comfortable_Tip_9562,,,,bot_low_karma_14,reddit,trash,,,Hiring remote workers,0,https://reddit.com/r/PakistanMentoringClub/comments/1raf6nr/hiring_remote_workers/
Reasonable_Salary182,80,"Highlight your experience in frontend development, backend development, database optimization, CI/CD pipelines, cloud infrastructure, and containerization.",$70-$150 / hr,score_pass,reddit,alert,"Remote opportunity for Frontend, Backend, Fullstack Engineers, and DevOps Engineers with competitive compensation.","['React/Vue/Angular', 'HTML/CSS', 'Node.js/Django/Spring', 'API development & microservices', 'Database architecture & optimization', 'Relational & NoSQL databases', 'CI/CD pipelines', 'cloud infrastructure (AWS/GCP/Azure)', 'Containerization & Orchestration (Docker/Kubernetes)']",Web Developers & DevOps,106,https://reddit.com/r/u_Reasonable_Salary182/comments/1raf1a5/hiring_remote_web_developers_dev_ops_70150_hr/
rrmdp,60,"Highlight your design skills and experience in marketing, apply for the job.",50K - 80K,score_pass,reddit,alert,Remote Graphic Design position in Philippines with a competitive salary.,[],Graphic Designer,80,https://reddit.com/r/jobboardsearch/comments/1raet3i/hiring_a_graphic_designer_remote_global_poland/
rrmdp,0,Highlight your senior marketing experience and portfolio management skills,,score_pass,reddit,alert,"Hiring a Senior Portfolio Marketing Manager for Renishaw, remotely",[],Senior Portfolio Marketing Manager,32,https://reddit.com/r/jobboardsearch/comments/1raesxv/is_hiring_a_senior_portfolio_marketing_manager/
rrmdp,0,Highlight remote experience and senior marketing skills,,score_pass,reddit,alert,"Remote Senior Marketing Manager position for Natera in San Carlos, California, USA",[],Senior Marketing Manager,32,https://reddit.com/r/jobboardsearch/comments/1raersi/is_hiring_a_senior_marketing_manager_nipt_natera/
rrmdp,0,Highlight senior marketing experience and interest in remote work,,score_pass,reddit,alert,"Remote Senior Marketing job opening at Wistia in Boston, MA, USA",[],Senior Marketing Operations Manager,32,https://reddit.com/r/jobboardsearch/comments/1raerhz/is_hiring_a_senior_marketing_operations_manager/
rrmdp,50,Highlight your experience in product marketing and express interest in the remote position.,,score_pass,reddit,alert,"Remote marketing job opportunity for a Product Marketing Manager at Qualia in Austin, Texas.",[],Product Marketing Manager - Qualia,82,https://reddit.com/r/jobboardsearch/comments/1raeqa1/is_hiring_a_product_marketing_manager_qualia/
rrmdp,0,"Highlight remote work experience, leadership skills, and knowledge in Unified Communications and Collaboration.",$132K - $194K,score_pass,reddit,alert,Remote position for Associate Director role in Eli Lilly with a salary range of $132K - $194K.,[],"Associate Director, Unified Communications and Collaboration",20,https://reddit.com/r/jobboardsearch/comments/1raepsr/hiring_a_associate_director_unified/
rrmdp,0,"Highlight your experience in product marketing and strategy, discuss your understanding of AI applications",,score_pass,reddit,alert,Remote Product Marketing & Strategy Director job for Vena Solutions in Canada,[],Product Marketing & Strategy Director,32,https://reddit.com/r/jobboardsearch/comments/1raepd8/is_hiring_a_product_marketing_amp_strategy/
thegreatIntex,,,,seen_before,reddit,trash,,,[Hiring] Urgent : Male Part-Time Virtual Assistants Needed (Remote),0,https://reddit.com/r/freelance_forhire/comments/1rafhvq/hiring_urgent_male_parttime_virtual_assistants/
Comfortable_Tip_9562,,,,bot_low_karma_14,reddit,trash,,,Hiring remote workers,0,https://reddit.com/r/PakistanMentoringClub/comments/1raf6nr/hiring_remote_workers/
Reasonable_Salary182,,,,seen_before,reddit,trash,,,"[Hiring] [Remote] Web developers, Dev Ops $70-$150 / hr",0,https://reddit.com/r/u_Reasonable_Salary182/comments/1raf1a5/hiring_remote_web_developers_dev_ops_70150_hr/
rrmdp,,,,seen_before,reddit,trash,,,"[HIRING] a Graphic Designer - (Remote, Global - Poland - Philippines - L! in am)",0,https://reddit.com/r/jobboardsearch/comments/1raet3i/hiring_a_graphic_designer_remote_global_poland/
rrmdp,,,,seen_before,reddit,trash,,,"📢 is [hiring] a Senior Portfolio Marketing Manager - Renishaw - Alpharetta, Georgia, United States, Remote!",0,https://reddit.com/r/jobboardsearch/comments/1raesxv/is_hiring_a_senior_portfolio_marketing_manager/
rrmdp,,,,seen_before,reddit,trash,,,"📢 is [hiring] a Senior Marketing Manager, NIPT - Natera - San Carlos, California, United States, Remote!",0,https://reddit.com/r/jobboardsearch/comments/1raersi/is_hiring_a_senior_marketing_manager_nipt_natera/
rrmdp,,,,seen_before,reddit,trash,,,"📢 is [hiring] a Senior Marketing Operations Manager - Wistia - Boston, Massachusetts, United States, Remote!",0,https://reddit.com/r/jobboardsearch/comments/1raerhz/is_hiring_a_senior_marketing_operations_manager/
rrmdp,,,,seen_before,reddit,trash,,,"📢 is [hiring] a Product Marketing Manager - Qualia - Austin, Texas, United States, Remote!",0,https://reddit.com/r/jobboardsearch/comments/1raeqa1/is_hiring_a_product_marketing_manager_qualia/
rrmdp,,,,seen_before,reddit,trash,,,"[HIRING] a Associate Director, Unified Communications and Collaboration (Remote)! in Eli Lilly",0,https://reddit.com/r/jobboardsearch/comments/1raepsr/hiring_a_associate_director_unified/
rrmdp,,,,seen_before,reddit,trash,,,"📢 is [hiring] a Product Marketing &amp;amp; Strategy Director - Vena Solutions - Canada, Remote!",0,https://reddit.com/r/jobboardsearch/comments/1raepd8/is_hiring_a_product_marketing_amp_strategy/
thegreatIntex,,,,seen_before,reddit,trash,,,[Hiring] Urgent : Male Part-Time Virtual Assistants Needed (Remote),0,https://reddit.com/r/freelance_forhire/comments/1rafhvq/hiring_urgent_male_parttime_virtual_assistants/
Comfortable_Tip_9562,,,,bot_low_karma_14,reddit,trash,,,Hiring remote workers,0,https://reddit.com/r/PakistanMentoringClub/comments/1raf6nr/hiring_remote_workers/
Reasonable_Salary182,,,,seen_before,reddit,trash,,,"[Hiring] [Remote] Web developers, Dev Ops $70-$150 / hr",0,https://reddit.com/r/u_Reasonable_Salary182/comments/1raf1a5/hiring_remote_web_developers_dev_ops_70150_hr/
rrmdp,,,,seen_before,reddit,trash,,,"[HIRING] a Graphic Designer - (Remote, Global - Poland - Philippines - L! in am)",0,https://reddit.com/r/jobboardsearch/comments/1raet3i/hiring_a_graphic_designer_remote_global_poland/
rrmdp,,,,seen_before,reddit,trash,,,"📢 is [hiring] a Senior Portfolio Marketing Manager - Renishaw - Alpharetta, Georgia, United States, Remote!",0,https://reddit.com/r/jobboardsearch/comments/1raesxv/is_hiring_a_senior_portfolio_marketing_manager/
rrmdp,,,,seen_before,reddit,trash,,,"📢 is [hiring] a Senior Marketing Manager, NIPT - Natera - San Carlos, California, United States, Remote!",0,https://reddit.com/r/jobboardsearch/comments/1raersi/is_hiring_a_senior_marketing_manager_nipt_natera/
rrmdp,,,,seen_before,reddit,trash,,,"📢 is [hiring] a Senior Marketing Operations Manager - Wistia - Boston, Massachusetts, United States, Remote!",0,https://reddit.com/r/jobboardsearch/comments/1raerhz/is_hiring_a_senior_marketing_operations_manager/
rrmdp,,,,seen_before,reddit,trash,,,"📢 is [hiring] a Product Marketing Manager - Qualia - Austin, Texas, United States, Remote!",0,https://reddit.com/r/jobboardsearch/comments/1raeqa1/is_hiring_a_product_marketing_manager_qualia/
rrmdp,,,,seen_before,reddit,trash,,,"[HIRING] a Associate Director, Unified Communications and Collaboration (Remote)! in Eli Lilly",0,https://reddit.com/r/jobboardsearch/comments/1raepsr/hiring_a_associate_director_unified/
rrmdp,,,,seen_before,reddit,trash,,,"📢 is [hiring] a Product Marketing &amp;amp; Strategy Director - Vena Solutions - Canada, Remote!",0,https://reddit.com/r/jobboardsearch/comments/1raepd8/is_hiring_a_product_marketing_amp_strategy/
